Agriculture,CH4,N2O,,
Agriculture,CH4,N2O,,
Agriculture,CH4,N2O,,
Agriculture,CH4,N2O,,
Agriculture,N2O,CH4,,
Agriculture,CH4,N2O,,
Agriculture,CH4,N2O,,
Agriculture,N2O,CH4,,
Agriculture,CH4,N2O,,
Agriculture,CH4,N2O,,
Agriculture,CH4,N2O,,
Agriculture,N2O,CH4,,
Agriculture,N2O,CH4,,
Agriculture,CH4,N2O,,
Agriculture,CH4,N2O,,
Agriculture,N2O,CH4,,
Agriculture,CH4,N2O,,
Agriculture,N2O,CH4,,
Agriculture,CH4,N2O,,
Agriculture,CH4,N2O,,
Agriculture,CH4,N2O,,
Agriculture,CH4,N2O,,
Agriculture,CH4,N2O,,
Agriculture,CH4,N2O,,
Agriculture,N2O,CH4,,
Agriculture,N2O,CH4,,
Agriculture,CH4,N2O,,
Agriculture,N2O,CH4,,
Agriculture,CH4,N2O,,
Agriculture,CH4,N2O,,
Agriculture,N2O,CH4,,
Agriculture,CH4,N2O,,
Agriculture,CH4,N2O,,
Agriculture,CH4,N2O,,
Agriculture,CH4,N2O,,
Agriculture,N2O,CH4,,
Agriculture,CH4,N2O,,
Agriculture,CH4,N2O,,
Agriculture,CH4,N2O,,
Agriculture,CH4,N2O,,
Agriculture,CH4,N2O,,
Agriculture,CH4,N2O,,
Agriculture,N2O,CH4,,
Agriculture,N2O,CH4,,
Agriculture,CH4,N2O,,
Agriculture,CH4,N2O,,
Agriculture,CH4,N2O,,
Agriculture,CH4,N2O,,
Agriculture,CH4,N2O,,
Agriculture,CH4,N2O,,
Agriculture,CH4,N2O,,
Agriculture,CH4,N2O,,
Agriculture,CH4,N2O,,
Agriculture,CH4,N2O,,
Agriculture,CH4,N2O,,
Agriculture,N2O,CH4,,
Agriculture,CH4,N2O,,
Agriculture,CH4,N2O,,
Agriculture,CH4,N2O,,
Agriculture,CH4,N2O,,
Agriculture,N2O,CH4,,
Agriculture,CH4,N2O,,
Agriculture,N2O,CH4,,
Agriculture,CH4,N2O,,
Agriculture,CH4,N2O,,
Agriculture,CH4,N2O,,
Agriculture,CH4,N2O,,
Agriculture,CH4,N2O,,
Agriculture,CH4,N2O,,
Agriculture,CH4,N2O,,
Agriculture,CH4,N2O,,
Agriculture,CH4,N2O,,
Agriculture,CH4,N2O,,
Agriculture,CH4,N2O,,
Agriculture,CH4,N2O,,
Agriculture,N2O,CH4,,
Agriculture,N2O,CH4,,
Agriculture,CH4,N2O,,
Agriculture,CH4,N2O,,
Agriculture,CH4,N2O,,
Agriculture,CH4,N2O,,
Agriculture,CH4,N2O,,
Agriculture,N2O,CH4,,
Agriculture,CH4,N2O,,
Agriculture,CH4,N2O,,
Agriculture,CH4,N2O,,
Agriculture,N2O,CH4,,
Agriculture,CH4,N2O,,
Agriculture,CH4,N2O,,
Agriculture,CH4,N2O,,
Agriculture,N2O,CH4,,
Agriculture,CH4,N2O,,
Agriculture,CH4,N2O,,
Agriculture,N2O,CH4,,
Agriculture,N2O,CH4,,
Agriculture,CH4,N2O,,
Agriculture,N2O,CH4,,
Agriculture,CH4,N2O,,
Agriculture,N2O,CH4,,
Agriculture,CH4,N2O,,
Agriculture,CH4,N2O,,
Agriculture,CH4,N2O,,
Agriculture,N2O,CH4,,
Agriculture,N2O,CH4,,
Agriculture,CH4,N2O,,
Agriculture,CH4,N2O,,
Agriculture,CH4,N2O,,
Agriculture,CH4,N2O,,
Agriculture,CH4,N2O,,
Agriculture,N2O,CH4,,
Agriculture,CH4,N2O,,
Agriculture,CH4,N2O,,
Agriculture,N2O,CH4,,
Agriculture,CH4,N2O,,
Agriculture,CH4,N2O,,
Agriculture,CH4,N2O,,
Agriculture,CH4,N2O,,
Agriculture,CH4,N2O,,
Agriculture,CH4,N2O,,
Agriculture,CH4,N2O,,
Agriculture,CH4,N2O,,
Agriculture,CH4,N2O,,
Agriculture,CH4,N2O,,
Agriculture,CH4,N2O,,
Agriculture,CH4,N2O,,
Agriculture,CH4,N2O,,
Agriculture,CH4,N2O,,
Agriculture,CH4,N2O,,
Agriculture,N2O,CH4,,
Agriculture,CH4,N2O,,
Agriculture,CH4,N2O,,
Agriculture,CH4,N2O,,
Agriculture,CH4,N2O,,
Agriculture,N2O,CH4,,
Agriculture,CH4,N2O,,
Agriculture,CH4,N2O,,
Agriculture,CH4,N2O,,
Agriculture,N2O,CH4,,
Agriculture,CH4,N2O,,
Agriculture,CH4,N2O,,
Agriculture,N2O,CH4,,
Agriculture,CH4,N2O,,
Agriculture,CH4,N2O,,
Agriculture,CH4,N2O,,
Agriculture,CH4,N2O,,
Agriculture,CH4,N2O,,
Agriculture,CH4,N2O,,
Agriculture,CH4,N2O,,
Agriculture,N2O,CH4,,
Agriculture,N2O,CH4,,
Agriculture,CH4,N2O,,
Agriculture,CH4,N2O,,
Agriculture,CH4,N2O,,
Agriculture,CH4,N2O,,
Agriculture,N2O,CH4,,
Agriculture,N2O,CH4,,
Agriculture,CH4,N2O,,
Agriculture,CH4,N2O,,
Agriculture,CH4,N2O,,
Agriculture,CH4,N2O,,
Agriculture,CH4,N2O,,
Agriculture,CH4,N2O,,
Agriculture,CH4,N2O,,
Agriculture,CH4,N2O,,
Agriculture,CH4,N2O,,
Agriculture,CH4,N2O,,
Agriculture,N2O,CH4,,
Agriculture,CH4,N2O,,
Agriculture,CH4,N2O,,
Agriculture,CH4,N2O,,
Agriculture,CH4,N2O,,
Agriculture,CH4,N2O,,
Agriculture,CH4,N2O,,
Agriculture,N2O,CH4,,
Agriculture,CH4,N2O,,
Agriculture,N2O,CH4,,
Agriculture,N2O,CH4,,
Agriculture,N2O,CH4,,
Agriculture,CH4,N2O,,
Agriculture,CH4,N2O,,
Agriculture,CH4,N2O,,
Agriculture,N2O,CH4,,
Agriculture,CH4,N2O,,
Agriculture,CH4,N2O,,
Agriculture,CH4,N2O,,
Agriculture,CH4,N2O,,
Agriculture,CH4,N2O,,
Agriculture,CH4,N2O,,
Agriculture,CH4,N2O,,
Agriculture,CH4,N2O,,
Agriculture,CH4,N2O,,
Agriculture,CH4,N2O,,
Agriculture,N2O,CH4,,
Agriculture,CH4,N2O,,
Bunker Fuels,CO2,CH4,N2O,
Bunker Fuels,CO2,CH4,N2O,
Bunker Fuels,CO2,N2O,CH4,
Bunker Fuels,CO2,N2O,CH4,
Bunker Fuels,CO2,CH4,N2O,
Bunker Fuels,CO2,N2O,CH4,
Bunker Fuels,CO2,CH4,N2O,
Bunker Fuels,CO2,N2O,CH4,
Bunker Fuels,CO2,N2O,CH4,
Bunker Fuels,CO2,N2O,CH4,
Bunker Fuels,CO2,CH4,N2O,
Bunker Fuels,CO2,N2O,CH4,
Bunker Fuels,CO2,N2O,CH4,
Bunker Fuels,CO2,CH4,N2O,
Bunker Fuels,CO2,CH4,N2O,
Bunker Fuels,CO2,N2O,CH4,
Bunker Fuels,CO2,CH4,N2O,
Bunker Fuels,CO2,CH4,N2O,
Bunker Fuels,CO2,CH4,N2O,
Bunker Fuels,CO2,CH4,N2O,
Bunker Fuels,CO2,CH4,N2O,
Bunker Fuels,CO2,CH4,N2O,
Bunker Fuels,CO2,N2O,CH4,
Bunker Fuels,CO2,CH4,N2O,
Bunker Fuels,CO2,N2O,CH4,
Bunker Fuels,CO2,CH4,N2O,
Bunker Fuels,CO2,CH4,N2O,
Bunker Fuels,CO2,CH4,N2O,
Bunker Fuels,CO2,CH4,N2O,
Bunker Fuels,CO2,N2O,CH4,
Bunker Fuels,CO2,CH4,N2O,
Bunker Fuels,CO2,CH4,N2O,
Bunker Fuels,CO2,CH4,N2O,
Bunker Fuels,CO2,N2O,CH4,
Bunker Fuels,CO2,N2O,CH4,
Bunker Fuels,CO2,N2O,CH4,
Bunker Fuels,CO2,CH4,N2O,
Bunker Fuels,CO2,CH4,N2O,
Bunker Fuels,CO2,N2O,CH4,
Bunker Fuels,CO2,N2O,CH4,
Bunker Fuels,CO2,N2O,CH4,
Bunker Fuels,CO2,N2O,CH4,
Bunker Fuels,CO2,N2O,CH4,
Bunker Fuels,CO2,N2O,CH4,
Bunker Fuels,CO2,CH4,N2O,
Bunker Fuels,CO2,N2O,CH4,
Bunker Fuels,CO2,CH4,N2O,
Bunker Fuels,CO2,CH4,N2O,
Bunker Fuels,CO2,N2O,CH4,
Bunker Fuels,CO2,N2O,CH4,
Bunker Fuels,CO2,N2O,CH4,
Bunker Fuels,CO2,CH4,N2O,
Bunker Fuels,CO2,CH4,N2O,
Bunker Fuels,CO2,CH4,N2O,
Bunker Fuels,CO2,N2O,CH4,
Bunker Fuels,CO2,CH4,N2O,
Bunker Fuels,CO2,N2O,CH4,
Bunker Fuels,CO2,N2O,CH4,
Bunker Fuels,CO2,CH4,N2O,
Bunker Fuels,CO2,N2O,CH4,
Bunker Fuels,CO2,N2O,CH4,
Bunker Fuels,CO2,CH4,N2O,
Bunker Fuels,CO2,CH4,N2O,
Bunker Fuels,CO2,CH4,N2O,
Bunker Fuels,CO2,N2O,CH4,
Bunker Fuels,CO2,N2O,CH4,
Bunker Fuels,CO2,N2O,CH4,
Bunker Fuels,CO2,CH4,N2O,
Bunker Fuels,CO2,N2O,CH4,
Bunker Fuels,CO2,CH4,N2O,
Bunker Fuels,CO2,CH4,N2O,
Bunker Fuels,CO2,CH4,N2O,
Bunker Fuels,CO2,CH4,N2O,
Bunker Fuels,CO2,CH4,N2O,
Bunker Fuels,CO2,N2O,CH4,
Bunker Fuels,CO2,N2O,CH4,
Bunker Fuels,CO2,N2O,CH4,
Bunker Fuels,CO2,N2O,CH4,
Bunker Fuels,CO2,N2O,CH4,
Bunker Fuels,CO2,N2O,CH4,
Bunker Fuels,CO2,N2O,CH4,
Bunker Fuels,CO2,N2O,CH4,
Bunker Fuels,CO2,N2O,CH4,
Bunker Fuels,CO2,N2O,CH4,
Bunker Fuels,CO2,N2O,CH4,
Bunker Fuels,CO2,N2O,CH4,
Bunker Fuels,CO2,N2O,CH4,
Bunker Fuels,CO2,N2O,CH4,
Bunker Fuels,CO2,CH4,N2O,
Bunker Fuels,CO2,N2O,CH4,
Bunker Fuels,CO2,CH4,N2O,
Bunker Fuels,CO2,CH4,N2O,
Bunker Fuels,CO2,N2O,CH4,
Bunker Fuels,CO2,N2O,CH4,
Bunker Fuels,CO2,CH4,N2O,
Bunker Fuels,CO2,CH4,N2O,
Bunker Fuels,CO2,N2O,CH4,
Bunker Fuels,CO2,N2O,CH4,
Bunker Fuels,CO2,N2O,CH4,
Bunker Fuels,CO2,CH4,N2O,
Bunker Fuels,CO2,CH4,N2O,
Bunker Fuels,CO2,CH4,N2O,
Bunker Fuels,CO2,N2O,CH4,
Bunker Fuels,CO2,CH4,N2O,
Bunker Fuels,CO2,CH4,N2O,
Bunker Fuels,CO2,N2O,CH4,
Bunker Fuels,CO2,CH4,N2O,
Bunker Fuels,CO2,CH4,N2O,
Bunker Fuels,CO2,N2O,CH4,
Bunker Fuels,CO2,N2O,CH4,
Bunker Fuels,CO2,CH4,N2O,
Bunker Fuels,CO2,CH4,N2O,
Bunker Fuels,CO2,CH4,N2O,
Bunker Fuels,CO2,CH4,N2O,
Bunker Fuels,CO2,N2O,CH4,
Bunker Fuels,CO2,CH4,N2O,
Bunker Fuels,CO2,CH4,N2O,
Bunker Fuels,CO2,CH4,N2O,
Bunker Fuels,CO2,CH4,N2O,
Bunker Fuels,CO2,CH4,N2O,
Bunker Fuels,CO2,N2O,CH4,
Bunker Fuels,CO2,N2O,CH4,
Bunker Fuels,CO2,CH4,N2O,
Bunker Fuels,CO2,CH4,N2O,
Bunker Fuels,CO2,N2O,CH4,
Bunker Fuels,CO2,CH4,N2O,
Bunker Fuels,CO2,CH4,N2O,
Bunker Fuels,CO2,N2O,CH4,
Bunker Fuels,CO2,N2O,CH4,
Bunker Fuels,CO2,N2O,CH4,
Bunker Fuels,CO2,CH4,N2O,
Bunker Fuels,CO2,N2O,CH4,
Bunker Fuels,CO2,CH4,N2O,
Bunker Fuels,CO2,CH4,N2O,
Bunker Fuels,CO2,N2O,CH4,
Bunker Fuels,CO2,N2O,CH4,
Bunker Fuels,CO2,N2O,CH4,
Bunker Fuels,CO2,N2O,CH4,
Bunker Fuels,CO2,N2O,CH4,
Bunker Fuels,CO2,CH4,N2O,
Bunker Fuels,CO2,CH4,N2O,
Bunker Fuels,CO2,N2O,CH4,
Bunker Fuels,CO2,CH4,N2O,
Bunker Fuels,CO2,CH4,N2O,
Bunker Fuels,CO2,CH4,N2O,
Bunker Fuels,CO2,CH4,N2O,
Bunker Fuels,CO2,CH4,N2O,
Bunker Fuels,CO2,N2O,CH4,
Bunker Fuels,CO2,N2O,CH4,
Bunker Fuels,CO2,CH4,N2O,
Bunker Fuels,CO2,CH4,N2O,
Bunker Fuels,CO2,CH4,N2O,
Bunker Fuels,CO2,N2O,CH4,
Bunker Fuels,CO2,CH4,N2O,
Bunker Fuels,CO2,N2O,CH4,
Bunker Fuels,CO2,CH4,N2O,
Bunker Fuels,CO2,CH4,N2O,
Bunker Fuels,CO2,N2O,CH4,
Bunker Fuels,CO2,N2O,CH4,
Bunker Fuels,CO2,CH4,N2O,
Bunker Fuels,CO2,N2O,CH4,
Bunker Fuels,CO2,N2O,CH4,
Bunker Fuels,CO2,N2O,CH4,
Bunker Fuels,CO2,CH4,N2O,
Bunker Fuels,CO2,N2O,CH4,
Bunker Fuels,CO2,N2O,CH4,
Bunker Fuels,CO2,N2O,CH4,
Bunker Fuels,CO2,CH4,N2O,
Bunker Fuels,CO2,CH4,N2O,
Bunker Fuels,CO2,N2O,CH4,
Bunker Fuels,CO2,CH4,N2O,
Bunker Fuels,CO2,CH4,N2O,
Bunker Fuels,CO2,CH4,N2O,
Bunker Fuels,CO2,N2O,CH4,
Bunker Fuels,CO2,N2O,CH4,
Bunker Fuels,CO2,N2O,CH4,
Bunker Fuels,CO2,N2O,CH4,
Bunker Fuels,CO2,CH4,N2O,
Bunker Fuels,CO2,CH4,N2O,
Bunker Fuels,CO2,CH4,N2O,
Bunker Fuels,CO2,N2O,CH4,
Bunker Fuels,CO2,N2O,CH4,
Bunker Fuels,CO2,N2O,CH4,
Bunker Fuels,CO2,N2O,CH4,
Bunker Fuels,CO2,CH4,N2O,
Bunker Fuels,CO2,CH4,N2O,
Bunker Fuels,CO2,N2O,CH4,
Bunker Fuels,CO2,N2O,CH4,
Bunker Fuels,CO2,N2O,CH4,
Bunker Fuels,CO2,CH4,N2O,
Bunker Fuels,CO2,CH4,N2O,
Bunker Fuels,CO2,CH4,N2O,
Electricity/Heat,CO2,CH4,N2O,
Electricity/Heat,CO2,CH4,N2O,
Electricity/Heat,CO2,N2O,CH4,
Electricity/Heat,CO2,N2O,CH4,
Electricity/Heat,CO2,CH4,N2O,
Electricity/Heat,CO2,N2O,CH4,
Electricity/Heat,CO2,CH4,N2O,
Electricity/Heat,CO2,N2O,CH4,
Electricity/Heat,CO2,N2O,CH4,
Electricity/Heat,CO2,CH4,N2O,
Electricity/Heat,CO2,CH4,N2O,
Electricity/Heat,CO2,CH4,N2O,
Electricity/Heat,CO2,N2O,CH4,
Electricity/Heat,CO2,CH4,N2O,
Electricity/Heat,CO2,N2O,CH4,
Electricity/Heat,CO2,N2O,CH4,
Electricity/Heat,CO2,CH4,N2O,
Electricity/Heat,CO2,CH4,N2O,
Electricity/Heat,CO2,CH4,N2O,
Electricity/Heat,CO2,CH4,N2O,
Electricity/Heat,CO2,N2O,CH4,
Electricity/Heat,CO2,N2O,CH4,
Electricity/Heat,CO2,N2O,CH4,
Electricity/Heat,CO2,N2O,CH4,
Electricity/Heat,CO2,N2O,CH4,
Electricity/Heat,CO2,CH4,N2O,
Electricity/Heat,CO2,CH4,N2O,
Electricity/Heat,CO2,N2O,CH4,
Electricity/Heat,CO2,CH4,N2O,
Electricity/Heat,CO2,N2O,CH4,
Electricity/Heat,CO2,CH4,N2O,
Electricity/Heat,CO2,CH4,N2O,
Electricity/Heat,CO2,CH4,N2O,
Electricity/Heat,CO2,N2O,CH4,
Electricity/Heat,CO2,N2O,CH4,
Electricity/Heat,CO2,N2O,CH4,
Electricity/Heat,CO2,CH4,N2O,
Electricity/Heat,CO2,CH4,N2O,
Electricity/Heat,CO2,CH4,N2O,
Electricity/Heat,CO2,N2O,CH4,
Electricity/Heat,CO2,N2O,CH4,
Electricity/Heat,CO2,N2O,CH4,
Electricity/Heat,CO2,N2O,CH4,
Electricity/Heat,CO2,CH4,N2O,
Electricity/Heat,CO2,CH4,N2O,
Electricity/Heat,CO2,N2O,CH4,
Electricity/Heat,CO2,CH4,N2O,
Electricity/Heat,CO2,CH4,N2O,
Electricity/Heat,CO2,N2O,CH4,
Electricity/Heat,CO2,N2O,CH4,
Electricity/Heat,CO2,N2O,CH4,
Electricity/Heat,CO2,N2O,CH4,
Electricity/Heat,CO2,CH4,N2O,
Electricity/Heat,CO2,CH4,N2O,
Electricity/Heat,CO2,N2O,CH4,
Electricity/Heat,CO2,CH4,N2O,
Electricity/Heat,CO2,CH4,N2O,
Electricity/Heat,CO2,N2O,CH4,
Electricity/Heat,CO2,CH4,N2O,
Electricity/Heat,CO2,N2O,CH4,
Electricity/Heat,CO2,N2O,CH4,
Electricity/Heat,CO2,CH4,N2O,
Electricity/Heat,CO2,CH4,N2O,
Electricity/Heat,CO2,CH4,N2O,
Electricity/Heat,CO2,N2O,CH4,
Electricity/Heat,CO2,N2O,CH4,
Electricity/Heat,CO2,N2O,CH4,
Electricity/Heat,CO2,CH4,N2O,
Electricity/Heat,CO2,N2O,CH4,
Electricity/Heat,CO2,CH4,N2O,
Electricity/Heat,CO2,CH4,N2O,
Electricity/Heat,CO2,CH4,N2O,
Electricity/Heat,CO2,CH4,N2O,
Electricity/Heat,CO2,N2O,CH4,
Electricity/Heat,CO2,N2O,CH4,
Electricity/Heat,CO2,CH4,N2O,
Electricity/Heat,CO2,N2O,CH4,
Electricity/Heat,CO2,N2O,CH4,
Electricity/Heat,CO2,N2O,CH4,
Electricity/Heat,CO2,N2O,CH4,
Electricity/Heat,CO2,N2O,CH4,
Electricity/Heat,CO2,N2O,CH4,
Electricity/Heat,CO2,N2O,CH4,
Electricity/Heat,CO2,N2O,CH4,
Electricity/Heat,CO2,N2O,CH4,
Electricity/Heat,CO2,N2O,CH4,
Electricity/Heat,CO2,N2O,CH4,
Electricity/Heat,CO2,N2O,CH4,
Electricity/Heat,CO2,CH4,N2O,
Electricity/Heat,CO2,N2O,CH4,
Electricity/Heat,CO2,N2O,CH4,
Electricity/Heat,CO2,N2O,CH4,
Electricity/Heat,CO2,N2O,CH4,
Electricity/Heat,CO2,N2O,CH4,
Electricity/Heat,CO2,CH4,N2O,
Electricity/Heat,CO2,CH4,N2O,
Electricity/Heat,CO2,N2O,CH4,
Electricity/Heat,CO2,N2O,CH4,
Electricity/Heat,CO2,N2O,CH4,
Electricity/Heat,CO2,N2O,CH4,
Electricity/Heat,CO2,CH4,N2O,
Electricity/Heat,CO2,CH4,N2O,
Electricity/Heat,CO2,N2O,CH4,
Electricity/Heat,CO2,CH4,N2O,
Electricity/Heat,CO2,CH4,N2O,
Electricity/Heat,CO2,CH4,N2O,
Electricity/Heat,CO2,CH4,N2O,
Electricity/Heat,CO2,CH4,N2O,
Electricity/Heat,CO2,N2O,CH4,
Electricity/Heat,CO2,N2O,CH4,
Electricity/Heat,CO2,CH4,N2O,
Electricity/Heat,CO2,CH4,N2O,
Electricity/Heat,CO2,N2O,CH4,
Electricity/Heat,CO2,N2O,CH4,
Electricity/Heat,CO2,N2O,CH4,
Electricity/Heat,CO2,CH4,N2O,
Electricity/Heat,CO2,N2O,CH4,
Electricity/Heat,CO2,CH4,N2O,
Electricity/Heat,CO2,CH4,N2O,
Electricity/Heat,CO2,CH4,N2O,
Electricity/Heat,CO2,N2O,CH4,
Electricity/Heat,CO2,CH4,N2O,
Electricity/Heat,CO2,N2O,CH4,
Electricity/Heat,CO2,CH4,N2O,
Electricity/Heat,CO2,CH4,N2O,
Electricity/Heat,CO2,CH4,N2O,
Electricity/Heat,CO2,N2O,CH4,
Electricity/Heat,CO2,N2O,CH4,
Electricity/Heat,CO2,CH4,N2O,
Electricity/Heat,CO2,N2O,CH4,
Electricity/Heat,CO2,CH4,N2O,
Electricity/Heat,CO2,N2O,CH4,
Electricity/Heat,CO2,CH4,N2O,
Electricity/Heat,CO2,CH4,N2O,
Electricity/Heat,CO2,N2O,CH4,
Electricity/Heat,CO2,N2O,CH4,
Electricity/Heat,CO2,N2O,CH4,
Electricity/Heat,CO2,N2O,CH4,
Electricity/Heat,CO2,N2O,CH4,
Electricity/Heat,CO2,CH4,N2O,
Electricity/Heat,CO2,N2O,CH4,
Electricity/Heat,CO2,N2O,CH4,
Electricity/Heat,CO2,CH4,N2O,
Electricity/Heat,CO2,CH4,N2O,
Electricity/Heat,CO2,CH4,N2O,
Electricity/Heat,CO2,CH4,N2O,
Electricity/Heat,CO2,CH4,N2O,
Electricity/Heat,CO2,N2O,CH4,
Electricity/Heat,CO2,N2O,CH4,
Electricity/Heat,CO2,N2O,CH4,
Electricity/Heat,CO2,CH4,N2O,
Electricity/Heat,CO2,CH4,N2O,
Electricity/Heat,CO2,N2O,CH4,
Electricity/Heat,CO2,N2O,CH4,
Electricity/Heat,CO2,N2O,CH4,
Electricity/Heat,CO2,CH4,N2O,
Electricity/Heat,CO2,CH4,N2O,
Electricity/Heat,CO2,N2O,CH4,
Electricity/Heat,CO2,N2O,CH4,
Electricity/Heat,CO2,CH4,N2O,
Electricity/Heat,CO2,N2O,CH4,
Electricity/Heat,CO2,N2O,CH4,
Electricity/Heat,CO2,CH4,N2O,
Electricity/Heat,CO2,CH4,N2O,
Electricity/Heat,CO2,N2O,CH4,
Electricity/Heat,CO2,N2O,CH4,
Electricity/Heat,CO2,N2O,CH4,
Electricity/Heat,CO2,N2O,CH4,
Electricity/Heat,CO2,N2O,CH4,
Electricity/Heat,CO2,N2O,CH4,
Electricity/Heat,CO2,CH4,N2O,
Electricity/Heat,CO2,CH4,N2O,
Electricity/Heat,CO2,CH4,N2O,
Electricity/Heat,CO2,CH4,N2O,
Electricity/Heat,CO2,N2O,CH4,
Electricity/Heat,CO2,N2O,CH4,
Electricity/Heat,CO2,CH4,N2O,
Electricity/Heat,CO2,CH4,N2O,
Electricity/Heat,CO2,CH4,N2O,
Electricity/Heat,CO2,N2O,CH4,
Electricity/Heat,CO2,N2O,CH4,
Electricity/Heat,CO2,N2O,CH4,
Electricity/Heat,CO2,N2O,CH4,
Electricity/Heat,CO2,N2O,CH4,
Electricity/Heat,CO2,N2O,CH4,
Electricity/Heat,CO2,CH4,N2O,
Electricity/Heat,CO2,N2O,CH4,
Electricity/Heat,CO2,N2O,CH4,
Electricity/Heat,CO2,N2O,CH4,
Electricity/Heat,CO2,N2O,CH4,
Electricity/Heat,CO2,N2O,CH4,
Electricity/Heat,CO2,N2O,CH4,
Energy,CO2,CH4,N2O,
Energy,CO2,N2O,CH4,
Energy,CO2,CH4,N2O,
Energy,CO2,CH4,N2O,
Energy,CO2,CH4,N2O,
Energy,CO2,CH4,N2O,
Energy,CO2,CH4,N2O,
Energy,CO2,CH4,N2O,
Energy,CO2,CH4,N2O,
Energy,CO2,CH4,N2O,
Energy,CO2,CH4,N2O,
Energy,CO2,CH4,N2O,
Energy,CO2,CH4,N2O,
Energy,CO2,CH4,N2O,
Energy,CO2,CH4,N2O,
Energy,CO2,CH4,N2O,
Energy,CO2,CH4,N2O,
Energy,CO2,CH4,N2O,
Energy,CO2,CH4,N2O,
Energy,CO2,CH4,N2O,
Energy,CO2,CH4,N2O,
Energy,CO2,CH4,N2O,
Energy,CO2,CH4,N2O,
Energy,CO2,CH4,N2O,
Energy,CO2,CH4,N2O,
Energy,CO2,CH4,N2O,
Energy,CO2,CH4,N2O,
Energy,CO2,CH4,N2O,
Energy,CO2,CH4,N2O,
Energy,CO2,CH4,N2O,
Energy,CO2,CH4,N2O,
Energy,CO2,CH4,N2O,
Energy,CO2,CH4,N2O,
Energy,CH4,CO2,N2O,
Energy,CO2,CH4,N2O,
Energy,CO2,CH4,N2O,
Energy,CO2,CH4,N2O,
Energy,CO2,CH4,N2O,
Energy,CO2,CH4,N2O,
Energy,CO2,N2O,CH4,
Energy,CO2,CH4,N2O,
Energy,CO2,CH4,N2O,
Energy,CO2,N2O,CH4,
Energy,CO2,CH4,N2O,
Energy,CO2,CH4,N2O,
Energy,CH4,CO2,N2O,
Energy,CO2,CH4,N2O,
Energy,CO2,CH4,N2O,
Energy,CO2,CH4,N2O,
Energy,CO2,CH4,N2O,
Energy,CO2,CH4,N2O,
Energy,CO2,CH4,N2O,
Energy,CO2,N2O,CH4,
Energy,CH4,CO2,N2O,
Energy,CO2,CH4,N2O,
Energy,CO2,CH4,N2O,
Energy,CO2,CH4,N2O,
Energy,CO2,CH4,N2O,
Energy,CO2,CH4,N2O,
Energy,CO2,CH4,N2O,
Energy,CO2,CH4,N2O,
Energy,CO2,CH4,N2O,
Energy,CO2,CH4,N2O,
Energy,CO2,CH4,N2O,
Energy,CO2,CH4,N2O,
Energy,CO2,CH4,N2O,
Energy,CO2,CH4,N2O,
Energy,CO2,CH4,N2O,
Energy,CO2,CH4,N2O,
Energy,CO2,CH4,N2O,
Energy,CO2,CH4,N2O,
Energy,CO2,CH4,N2O,
Energy,CO2,CH4,N2O,
Energy,CO2,CH4,N2O,
Energy,CO2,CH4,N2O,
Energy,CO2,CH4,N2O,
Energy,CO2,N2O,CH4,
Energy,CO2,CH4,N2O,
Energy,CO2,CH4,N2O,
Energy,CO2,CH4,N2O,
Energy,CO2,CH4,N2O,
Energy,CO2,N2O,CH4,
Energy,CO2,CH4,N2O,
Energy,CO2,CH4,N2O,
Energy,CO2,N2O,CH4,
Energy,CO2,CH4,N2O,
Energy,CO2,CH4,N2O,
Energy,CO2,CH4,N2O,
Energy,CO2,CH4,N2O,
Energy,CO2,CH4,N2O,
Energy,CO2,CH4,N2O,
Energy,CO2,CH4,N2O,
Energy,CO2,CH4,N2O,
Energy,CO2,CH4,N2O,
Energy,CO2,N2O,CH4,
Energy,CO2,CH4,N2O,
Energy,CO2,CH4,N2O,
Energy,CH4,CO2,N2O,
Energy,CO2,CH4,N2O,
Energy,CO2,CH4,N2O,
Energy,CO2,N2O,CH4,
Energy,CO2,CH4,N2O,
Energy,CO2,CH4,N2O,
Energy,CO2,CH4,N2O,
Energy,CO2,CH4,N2O,
Energy,CO2,CH4,N2O,
Energy,CO2,CH4,N2O,
Energy,CO2,N2O,CH4,
Energy,CO2,CH4,N2O,
Energy,CO2,CH4,N2O,
Energy,CO2,N2O,CH4,
Energy,CO2,CH4,N2O,
Energy,CO2,CH4,N2O,
Energy,CO2,CH4,N2O,
Energy,CO2,CH4,N2O,
Energy,CO2,CH4,N2O,
Energy,CO2,CH4,N2O,
Energy,CO2,CH4,N2O,
Energy,CO2,CH4,N2O,
Energy,CO2,CH4,N2O,
Energy,CO2,CH4,N2O,
Energy,CO2,CH4,N2O,
Energy,CO2,N2O,CH4,
Energy,CO2,CH4,N2O,
Energy,CO2,CH4,N2O,
Energy,CO2,CH4,N2O,
Energy,CO2,CH4,N2O,
Energy,CO2,CH4,N2O,
Energy,CO2,CH4,N2O,
Energy,CO2,CH4,N2O,
Energy,CO2,CH4,N2O,
Energy,CO2,CH4,N2O,
Energy,CO2,CH4,N2O,
Energy,CO2,N2O,CH4,
Energy,CO2,CH4,N2O,
Energy,CO2,CH4,N2O,
Energy,CO2,CH4,N2O,
Energy,CO2,CH4,N2O,
Energy,CO2,CH4,N2O,
Energy,CO2,N2O,CH4,
Energy,CO2,CH4,N2O,
Energy,CH4,CO2,N2O,
Energy,CO2,CH4,N2O,
Energy,CO2,CH4,N2O,
Energy,CO2,CH4,N2O,
Energy,CO2,CH4,N2O,
Energy,CO2,CH4,N2O,
Energy,CO2,CH4,N2O,
Energy,CO2,CH4,N2O,
Energy,CO2,CH4,N2O,
Energy,CO2,CH4,N2O,
Energy,CO2,CH4,N2O,
Energy,CO2,CH4,N2O,
Energy,CO2,CH4,N2O,
Energy,CO2,CH4,N2O,
Energy,CO2,CH4,N2O,
Energy,CO2,CH4,N2O,
Energy,CO2,CH4,N2O,
Energy,CO2,CH4,N2O,
Energy,CO2,CH4,N2O,
Energy,CO2,CH4,N2O,
Energy,CO2,CH4,N2O,
Energy,CH4,CO2,N2O,
Energy,CO2,N2O,CH4,
Energy,CO2,CH4,N2O,
Energy,CO2,CH4,N2O,
Energy,CO2,CH4,N2O,
Energy,CO2,N2O,CH4,
Energy,CO2,CH4,N2O,
Energy,CO2,CH4,N2O,
Energy,CO2,CH4,N2O,
Energy,CO2,CH4,N2O,
Energy,CO2,CH4,N2O,
Energy,CH4,CO2,N2O,
Energy,CO2,CH4,N2O,
Energy,CO2,CH4,N2O,
Energy,CO2,CH4,N2O,
Energy,CO2,CH4,N2O,
Energy,CO2,CH4,N2O,
Energy,CH4,CO2,N2O,
Energy,CO2,CH4,N2O,
Energy,CO2,CH4,N2O,
Energy,CO2,CH4,N2O,
Energy,CO2,CH4,N2O,
Energy,CO2,CH4,N2O,
Energy,CO2,CH4,N2O,
Energy,CO2,CH4,N2O,
Energy,CO2,CH4,N2O,
Energy,CO2,CH4,N2O,
Energy,CO2,CH4,N2O,
Energy,CO2,CH4,N2O,
Energy,CO2,CH4,N2O,
Energy,CO2,CH4,N2O,
Energy,CO2,CH4,N2O,
Energy,CO2,CH4,N2O,
Fugitive Emissions,CH4,N2O,,
Fugitive Emissions,CH4,N2O,,
Fugitive Emissions,CH4,CO2,N2O,
Fugitive Emissions,CH4,N2O,,
Fugitive Emissions,CH4,CO2,N2O,
Fugitive Emissions,CH4,N2O,,
Fugitive Emissions,CH4,CO2,N2O,
Fugitive Emissions,CH4,N2O,,
Fugitive Emissions,CH4,CO2,N2O,
Fugitive Emissions,CH4,N2O,,
Fugitive Emissions,CH4,CO2,N2O,
Fugitive Emissions,CH4,N2O,,
Fugitive Emissions,CH4,CO2,N2O,
Fugitive Emissions,CH4,CO2,N2O,
Fugitive Emissions,CH4,N2O,,
Fugitive Emissions,CH4,N2O,,
Fugitive Emissions,CH4,N2O,,
Fugitive Emissions,CH4,N2O,,
Fugitive Emissions,CH4,N2O,,
Fugitive Emissions,CH4,N2O,,
Fugitive Emissions,CH4,CO2,N2O,
Fugitive Emissions,CH4,N2O,,
Fugitive Emissions,CH4,N2O,,
Fugitive Emissions,CH4,CO2,N2O,
Fugitive Emissions,CH4,CO2,N2O,
Fugitive Emissions,CH4,N2O,,
Fugitive Emissions,CH4,N2O,,
Fugitive Emissions,CH4,N2O,,
Fugitive Emissions,CH4,N2O,,
Fugitive Emissions,CH4,CO2,N2O,
Fugitive Emissions,CH4,CO2,N2O,
Fugitive Emissions,CH4,N2O,,
Fugitive Emissions,CH4,N2O,,
Fugitive Emissions,CH4,CO2,N2O,
Fugitive Emissions,CH4,CO2,N2O,
Fugitive Emissions,CH4,CO2,N2O,
Fugitive Emissions,CH4,CO2,N2O,
Fugitive Emissions,CH4,N2O,,
Fugitive Emissions,CH4,,,
Fugitive Emissions,CH4,N2O,,
Fugitive Emissions,CH4,N2O,,
Fugitive Emissions,CH4,CO2,N2O,
Fugitive Emissions,CH4,N2O,,
Fugitive Emissions,CH4,N2O,,
Fugitive Emissions,CH4,CO2,N2O,
Fugitive Emissions,CH4,CO2,N2O,
Fugitive Emissions,CH4,CO2,N2O,
Fugitive Emissions,CH4,N2O,,
Fugitive Emissions,CH4,N2O,,
Fugitive Emissions,CH4,N2O,,
Fugitive Emissions,CH4,CO2,N2O,
Fugitive Emissions,CH4,CO2,N2O,
Fugitive Emissions,CH4,N2O,,
Fugitive Emissions,CH4,CO2,N2O,
Fugitive Emissions,CH4,N2O,,
Fugitive Emissions,CH4,N2O,,
Fugitive Emissions,CH4,N2O,,
Fugitive Emissions,CH4,N2O,,
Fugitive Emissions,CH4,N2O,CO2,
Fugitive Emissions,CH4,N2O,,
Fugitive Emissions,CH4,N2O,,
Fugitive Emissions,CH4,N2O,CO2,
Fugitive Emissions,CH4,CO2,N2O,
Fugitive Emissions,CH4,N2O,,
Fugitive Emissions,CH4,N2O,,
Fugitive Emissions,CH4,N2O,CO2,
Fugitive Emissions,CH4,CO2,N2O,
Fugitive Emissions,CH4,N2O,,
Fugitive Emissions,CH4,N2O,,
Fugitive Emissions,CH4,N2O,,
Fugitive Emissions,CH4,N2O,,
Fugitive Emissions,CH4,N2O,,
Fugitive Emissions,CH4,N2O,CO2,
Fugitive Emissions,CH4,N2O,,
Fugitive Emissions,N2O,CH4,,
Fugitive Emissions,CH4,N2O,,
Fugitive Emissions,CH4,N2O,,
Fugitive Emissions,CH4,CO2,N2O,
Fugitive Emissions,CH4,CO2,N2O,
Fugitive Emissions,CH4,CO2,N2O,
Fugitive Emissions,CH4,CO2,N2O,
Fugitive Emissions,CH4,N2O,,
Fugitive Emissions,CH4,CO2,N2O,
Fugitive Emissions,CH4,N2O,CO2,
Fugitive Emissions,CH4,N2O,,
Fugitive Emissions,CH4,N2O,,
Fugitive Emissions,CH4,N2O,,
Fugitive Emissions,CH4,CO2,N2O,
Fugitive Emissions,CH4,N2O,,
Fugitive Emissions,CH4,N2O,,
Fugitive Emissions,CH4,CO2,N2O,
Fugitive Emissions,CH4,N2O,,
Fugitive Emissions,CH4,N2O,,
Fugitive Emissions,CH4,N2O,,
Fugitive Emissions,CH4,N2O,,
Fugitive Emissions,CH4,N2O,,
Fugitive Emissions,CH4,N2O,,
Fugitive Emissions,CH4,CO2,N2O,
Fugitive Emissions,CH4,N2O,,
Fugitive Emissions,CH4,N2O,,
Fugitive Emissions,CH4,N2O,,
Fugitive Emissions,CH4,N2O,,
Fugitive Emissions,CH4,N2O,,
Fugitive Emissions,CH4,N2O,,
Fugitive Emissions,CH4,CO2,N2O,
Fugitive Emissions,CH4,N2O,,
Fugitive Emissions,CH4,N2O,,
Fugitive Emissions,CH4,N2O,,
Fugitive Emissions,CH4,N2O,,
Fugitive Emissions,CH4,CO2,N2O,
Fugitive Emissions,CH4,N2O,,
Fugitive Emissions,CH4,CO2,N2O,
Fugitive Emissions,CH4,N2O,,
Fugitive Emissions,CH4,N2O,,
Fugitive Emissions,CH4,N2O,,
Fugitive Emissions,CH4,N2O,,
Fugitive Emissions,CH4,N2O,CO2,
Fugitive Emissions,CH4,CO2,N2O,
Fugitive Emissions,CH4,N2O,,
Fugitive Emissions,CH4,N2O,,
Fugitive Emissions,CH4,N2O,,
Fugitive Emissions,CH4,N2O,,
Fugitive Emissions,CH4,CO2,N2O,
Fugitive Emissions,CH4,CO2,N2O,
Fugitive Emissions,CH4,N2O,,
Fugitive Emissions,CH4,CO2,N2O,
Fugitive Emissions,CH4,CO2,N2O,
Fugitive Emissions,CH4,,,
Fugitive Emissions,CH4,N2O,,
Fugitive Emissions,CH4,CO2,N2O,
Fugitive Emissions,CH4,CO2,N2O,
Fugitive Emissions,CH4,CO2,N2O,
Fugitive Emissions,CH4,N2O,,
Fugitive Emissions,CH4,N2O,,
Fugitive Emissions,CH4,N2O,,
Fugitive Emissions,CH4,N2O,,
Fugitive Emissions,CH4,CO2,N2O,
Fugitive Emissions,CH4,CO2,N2O,
Fugitive Emissions,CH4,N2O,CO2,
Fugitive Emissions,CH4,N2O,,
Fugitive Emissions,CH4,CO2,N2O,
Fugitive Emissions,CH4,CO2,N2O,
Fugitive Emissions,CH4,CO2,N2O,
Fugitive Emissions,CH4,CO2,N2O,
Fugitive Emissions,CH4,N2O,,
Fugitive Emissions,CH4,N2O,,
Fugitive Emissions,CH4,N2O,,
Fugitive Emissions,CH4,N2O,,
Fugitive Emissions,CH4,N2O,,
Fugitive Emissions,CH4,N2O,,
Fugitive Emissions,CH4,CO2,N2O,
Fugitive Emissions,CH4,N2O,,
Fugitive Emissions,CH4,N2O,,
Fugitive Emissions,CH4,N2O,,
Fugitive Emissions,CH4,N2O,,
Fugitive Emissions,CH4,N2O,,
Fugitive Emissions,CH4,N2O,,
Fugitive Emissions,CH4,N2O,,
Fugitive Emissions,CH4,N2O,,
Fugitive Emissions,CH4,N2O,,
Fugitive Emissions,CH4,CO2,N2O,
Fugitive Emissions,CH4,N2O,,
Fugitive Emissions,CH4,N2O,,
Fugitive Emissions,CH4,N2O,,
Fugitive Emissions,CH4,N2O,,
Fugitive Emissions,CH4,CO2,N2O,
Fugitive Emissions,CH4,N2O,,
Fugitive Emissions,CH4,N2O,,
Fugitive Emissions,CH4,N2O,,
Fugitive Emissions,CH4,CO2,N2O,
Fugitive Emissions,CH4,N2O,,
Fugitive Emissions,CH4,N2O,,
Fugitive Emissions,CH4,CO2,N2O,
Fugitive Emissions,CH4,N2O,,
Fugitive Emissions,CH4,N2O,,
Fugitive Emissions,CH4,N2O,,
Fugitive Emissions,CH4,CO2,N2O,
Fugitive Emissions,CH4,CO2,N2O,
Fugitive Emissions,CH4,N2O,,
Fugitive Emissions,CH4,CO2,N2O,
Fugitive Emissions,CH4,N2O,,
Fugitive Emissions,CH4,N2O,,
Fugitive Emissions,CH4,CO2,N2O,
Fugitive Emissions,CH4,CO2,N2O,
Fugitive Emissions,CH4,CO2,N2O,
Fugitive Emissions,CH4,CO2,N2O,
Fugitive Emissions,CH4,N2O,,
Fugitive Emissions,CH4,CO2,N2O,
Fugitive Emissions,CH4,N2O,,
Fugitive Emissions,CH4,CO2,N2O,
Fugitive Emissions,CH4,CO2,N2O,
Fugitive Emissions,CH4,CO2,N2O,
Fugitive Emissions,CH4,CO2,N2O,
Fugitive Emissions,CH4,N2O,,
Fugitive Emissions,CH4,N2O,,
Industrial Processes,F-Gas,CO2,CH4,N2O
Industrial Processes,CO2,F-Gas,CH4,N2O
Industrial Processes,CO2,F-Gas,N2O,CH4
Industrial Processes,F-Gas,CO2,CH4,N2O
Industrial Processes,CO2,F-Gas,CH4,N2O
Industrial Processes,F-Gas,CO2,CH4,N2O
Industrial Processes,F-Gas,CO2,N2O,CH4
Industrial Processes,CO2,F-Gas,CH4,N2O
Industrial Processes,F-Gas,CO2,N2O,CH4
Industrial Processes,CO2,F-Gas,N2O,CH4
Industrial Processes,CO2,F-Gas,CH4,N2O
Industrial Processes,F-Gas,CO2,CH4,N2O
Industrial Processes,F-Gas,CO2,CH4,N2O
Industrial Processes,F-Gas,CO2,CH4,N2O
Industrial Processes,F-Gas,CO2,CH4,N2O
Industrial Processes,CO2,N2O,F-Gas,CH4
Industrial Processes,CO2,F-Gas,N2O,CH4
Industrial Processes,F-Gas,CO2,CH4,N2O
Industrial Processes,F-Gas,CO2,CH4,N2O
Industrial Processes,CO2,F-Gas,CH4,N2O
Industrial Processes,CO2,F-Gas,CH4,N2O
Industrial Processes,CO2,F-Gas,CH4,N2O
Industrial Processes,F-Gas,CO2,CH4,N2O
Industrial Processes,CO2,F-Gas,N2O,CH4
Industrial Processes,F-Gas,CO2,CH4,N2O
Industrial Processes,F-Gas,CO2,N2O,CH4
Industrial Processes,F-Gas,CO2,CH4,N2O
Industrial Processes,F-Gas,CO2,CH4,N2O
Industrial Processes,CO2,F-Gas,CH4,N2O
Industrial Processes,N2O,F-Gas,CO2,CH4
Industrial Processes,F-Gas,CO2,N2O,CH4
Industrial Processes,F-Gas,CO2,CH4,N2O
Industrial Processes,F-Gas,CO2,CH4,N2O
Industrial Processes,F-Gas,CO2,CH4,N2O
Industrial Processes,F-Gas,CO2,CH4,N2O
Industrial Processes,CO2,F-Gas,N2O,CH4
Industrial Processes,F-Gas,CO2,N2O,CH4
Industrial Processes,F-Gas,CO2,CH4,N2O
Industrial Processes,CO2,N2O,,
Industrial Processes,F-Gas,CO2,N2O,CH4
Industrial Processes,CO2,F-Gas,N2O,CH4
Industrial Processes,CO2,F-Gas,N2O,CH4
Industrial Processes,CO2,F-Gas,N2O,CH4
Industrial Processes,F-Gas,CO2,N2O,CH4
Industrial Processes,F-Gas,CO2,CH4,N2O
Industrial Processes,F-Gas,CO2,CH4,N2O
Industrial Processes,CO2,F-Gas,N2O,CH4
Industrial Processes,CO2,F-Gas,CH4,N2O
Industrial Processes,CO2,CH4,N2O,F-Gas
Industrial Processes,CO2,F-Gas,CH4,N2O
Industrial Processes,CO2,F-Gas,CH4,N2O
Industrial Processes,CO2,N2O,F-Gas,CH4
Industrial Processes,CO2,F-Gas,CH4,N2O
Industrial Processes,F-Gas,CO2,CH4,N2O
Industrial Processes,CO2,F-Gas,CH4,N2O
Industrial Processes,CO2,F-Gas,CH4,N2O
Industrial Processes,F-Gas,CO2,CH4,N2O
Industrial Processes,CO2,F-Gas,CH4,N2O
Industrial Processes,F-Gas,CO2,N2O,CH4
Industrial Processes,F-Gas,CO2,CH4,N2O
Industrial Processes,F-Gas,CO2,N2O,CH4
Industrial Processes,F-Gas,CO2,N2O,CH4
Industrial Processes,F-Gas,CO2,CH4,N2O
Industrial Processes,F-Gas,CO2,CH4,N2O
Industrial Processes,N2O,CO2,F-Gas,CH4
Industrial Processes,CO2,F-Gas,N2O,CH4
Industrial Processes,CO2,F-Gas,CH4,N2O
Industrial Processes,F-Gas,CO2,N2O,CH4
Industrial Processes,F-Gas,CO2,CH4,N2O
Industrial Processes,CO2,F-Gas,CH4,N2O
Industrial Processes,F-Gas,CO2,CH4,N2O
Industrial Processes,F-Gas,CO2,CH4,N2O
Industrial Processes,CO2,F-Gas,CH4,N2O
Industrial Processes,F-Gas,CO2,CH4,N2O
Industrial Processes,F-Gas,CO2,CH4,N2O
Industrial Processes,F-Gas,CO2,N2O,CH4
Industrial Processes,F-Gas,CO2,CH4,N2O
Industrial Processes,CO2,F-Gas,N2O,CH4
Industrial Processes,CO2,F-Gas,CH4,N2O
Industrial Processes,CO2,F-Gas,N2O,CH4
Industrial Processes,F-Gas,CO2,CH4,N2O
Industrial Processes,CO2,F-Gas,N2O,CH4
Industrial Processes,F-Gas,CO2,N2O,CH4
Industrial Processes,F-Gas,CO2,N2O,CH4
Industrial Processes,F-Gas,CO2,CH4,N2O
Industrial Processes,F-Gas,CO2,N2O,CH4
Industrial Processes,F-Gas,CO2,N2O,CH4
Industrial Processes,CO2,F-Gas,N2O,CH4
Industrial Processes,CO2,F-Gas,CH4,N2O
Industrial Processes,CO2,CH4,N2O,F-Gas
Industrial Processes,F-Gas,CO2,CH4,N2O
Industrial Processes,CO2,F-Gas,CH4,N2O
Industrial Processes,CO2,F-Gas,CH4,N2O
Industrial Processes,CO2,F-Gas,CH4,N2O
Industrial Processes,F-Gas,CO2,CH4,N2O
Industrial Processes,F-Gas,CO2,CH4,N2O
Industrial Processes,F-Gas,CO2,CH4,N2O
Industrial Processes,F-Gas,CO2,CH4,N2O
Industrial Processes,F-Gas,CO2,CH4,N2O
Industrial Processes,CO2,F-Gas,N2O,CH4
Industrial Processes,CO2,F-Gas,CH4,N2O
Industrial Processes,CO2,F-Gas,CH4,N2O
Industrial Processes,F-Gas,CO2,CH4,N2O
Industrial Processes,F-Gas,CH4,CO2,N2O
Industrial Processes,CO2,F-Gas,N2O,CH4
Industrial Processes,F-Gas,CO2,CH4,N2O
Industrial Processes,F-Gas,CO2,CH4,N2O
Industrial Processes,F-Gas,CO2,CH4,N2O
Industrial Processes,F-Gas,CO2,CH4,N2O
Industrial Processes,F-Gas,CO2,CH4,N2O
Industrial Processes,F-Gas,N2O,CO2,CH4
Industrial Processes,F-Gas,CO2,N2O,CH4
Industrial Processes,F-Gas,CO2,CH4,N2O
Industrial Processes,CO2,F-Gas,CH4,N2O
Industrial Processes,CO2,F-Gas,CH4,N2O
Industrial Processes,F-Gas,CO2,CH4,N2O
Industrial Processes,CO2,F-Gas,CH4,N2O
Industrial Processes,CO2,F-Gas,CH4,N2O
Industrial Processes,CO2,F-Gas,CH4,N2O
Industrial Processes,CO2,F-Gas,CH4,N2O
Industrial Processes,CO2,CH4,N2O,F-Gas
Industrial Processes,CO2,F-Gas,CH4,N2O
Industrial Processes,F-Gas,CH4,N2O,CO2
Industrial Processes,F-Gas,CO2,CH4,N2O
Industrial Processes,F-Gas,CO2,CH4,N2O
Industrial Processes,F-Gas,CO2,CH4,N2O
Industrial Processes,F-Gas,CO2,CH4,N2O
Industrial Processes,CO2,N2O,,
Industrial Processes,F-Gas,CO2,N2O,CH4
Industrial Processes,F-Gas,CO2,N2O,CH4
Industrial Processes,F-Gas,CO2,CH4,N2O
Industrial Processes,CO2,F-Gas,CH4,N2O
Industrial Processes,F-Gas,CO2,CH4,N2O
Industrial Processes,F-Gas,CO2,CH4,N2O
Industrial Processes,F-Gas,CO2,CH4,N2O
Industrial Processes,F-Gas,CO2,CH4,N2O
Industrial Processes,CO2,F-Gas,CH4,N2O
Industrial Processes,F-Gas,CO2,CH4,N2O
Industrial Processes,CO2,F-Gas,N2O,CH4
Industrial Processes,F-Gas,CO2,N2O,CH4
Industrial Processes,CO2,F-Gas,CH4,N2O
Industrial Processes,F-Gas,CO2,CH4,N2O
Industrial Processes,CO2,F-Gas,N2O,CH4
Industrial Processes,F-Gas,CO2,N2O,CH4
Industrial Processes,F-Gas,CO2,CH4,N2O
Industrial Processes,F-Gas,CO2,CH4,N2O
Industrial Processes,F-Gas,CO2,CH4,N2O
Industrial Processes,CO2,CH4,N2O,F-Gas
Industrial Processes,F-Gas,CO2,CH4,N2O
Industrial Processes,F-Gas,CO2,CH4,N2O
Industrial Processes,F-Gas,CO2,CH4,N2O
Industrial Processes,CO2,F-Gas,CH4,N2O
Industrial Processes,CO2,F-Gas,N2O,CH4
Industrial Processes,F-Gas,CO2,CH4,N2O
Industrial Processes,F-Gas,CO2,CH4,N2O
Industrial Processes,N2O,F-Gas,CO2,CH4
Industrial Processes,CO2,F-Gas,N2O,CH4
Industrial Processes,CO2,F-Gas,N2O,CH4
Industrial Processes,F-Gas,CO2,CH4,N2O
Industrial Processes,F-Gas,CH4,N2O,CO2
Industrial Processes,F-Gas,CO2,N2O,CH4
Industrial Processes,F-Gas,CO2,CH4,N2O
Industrial Processes,F-Gas,CO2,CH4,N2O
Industrial Processes,CO2,F-Gas,N2O,CH4
Industrial Processes,F-Gas,CO2,CH4,N2O
Industrial Processes,CO2,F-Gas,CH4,N2O
Industrial Processes,F-Gas,CO2,CH4,N2O
Industrial Processes,CO2,F-Gas,N2O,CH4
Industrial Processes,CO2,F-Gas,N2O,CH4
Industrial Processes,F-Gas,CO2,CH4,N2O
Industrial Processes,CO2,F-Gas,CH4,N2O
Industrial Processes,CO2,F-Gas,CH4,N2O
Industrial Processes,F-Gas,CO2,CH4,N2O
Industrial Processes,F-Gas,CO2,CH4,N2O
Industrial Processes,F-Gas,CO2,CH4,N2O
Industrial Processes,CO2,CH4,N2O,F-Gas
Industrial Processes,F-Gas,CO2,CH4,N2O
Industrial Processes,CO2,F-Gas,N2O,CH4
Industrial Processes,CO2,F-Gas,N2O,CH4
Industrial Processes,CO2,N2O,F-Gas,CH4
Industrial Processes,CO2,CH4,N2O,F-Gas
Industrial Processes,CO2,F-Gas,CH4,N2O
Industrial Processes,CO2,N2O,CH4,F-Gas
Industrial Processes,CO2,F-Gas,CH4,N2O
Industrial Processes,F-Gas,CO2,N2O,CH4
Industrial Processes,F-Gas,CO2,N2O,CH4
Industrial Processes,F-Gas,CO2,CH4,N2O
Industrial Processes,CO2,N2O,F-Gas,CH4
Industrial Processes,F-Gas,CO2,CH4,N2O
Industrial Processes,F-Gas,CO2,CH4,N2O
Industrial Processes,CO2,F-Gas,CH4,N2O
Industrial Processes,CO2,F-Gas,N2O,CH4
Industrial Processes,CO2,F-Gas,CH4,N2O
Industrial Processes,CO2,F-Gas,CH4,N2O
Industrial Processes,F-Gas,CO2,CH4,N2O
Land-Use Change and Forestry,CO2,CH4,N2O,
Land-Use Change and Forestry,CH4,N2O,CO2,
Land-Use Change and Forestry,CO2,CH4,N2O,
Land-Use Change and Forestry,CO2,CH4,N2O,
Land-Use Change and Forestry,CO2,N2O,CH4,
Land-Use Change and Forestry,CO2,CH4,N2O,
Land-Use Change and Forestry,CO2,N2O,CH4,
Land-Use Change and Forestry,CO2,CH4,N2O,
Land-Use Change and Forestry,N2O,CH4,CO2,
Land-Use Change and Forestry,CH4,N2O,CO2,
Land-Use Change and Forestry,CH4,N2O,CO2,
Land-Use Change and Forestry,CH4,N2O,CO2,
Land-Use Change and Forestry,CO2,CH4,N2O,
Land-Use Change and Forestry,CO2,CH4,N2O,
Land-Use Change and Forestry,CO2,CH4,N2O,
Land-Use Change and Forestry,CH4,N2O,CO2,
Land-Use Change and Forestry,CO2,CH4,N2O,
Land-Use Change and Forestry,CO2,CH4,N2O,
Land-Use Change and Forestry,CO2,CH4,N2O,
Land-Use Change and Forestry,CH4,N2O,CO2,
Land-Use Change and Forestry,CO2,N2O,CH4,
Land-Use Change and Forestry,CH4,N2O,CO2,
Land-Use Change and Forestry,CO2,CH4,N2O,
Land-Use Change and Forestry,CO2,N2O,CH4,
Land-Use Change and Forestry,CO2,CH4,N2O,
Land-Use Change and Forestry,CH4,N2O,CO2,
Land-Use Change and Forestry,CO2,CH4,N2O,
Land-Use Change and Forestry,CO2,CH4,N2O,
Land-Use Change and Forestry,CO2,N2O,CH4,
Land-Use Change and Forestry,CO2,N2O,CH4,
Land-Use Change and Forestry,CO2,N2O,CH4,
Land-Use Change and Forestry,CH4,N2O,CO2,
Land-Use Change and Forestry,CO2,N2O,CH4,
Land-Use Change and Forestry,CO2,N2O,CH4,
Land-Use Change and Forestry,N2O,CH4,CO2,
Land-Use Change and Forestry,N2O,CH4,CO2,
Land-Use Change and Forestry,CO2,N2O,CH4,
Land-Use Change and Forestry,CO2,CH4,N2O,
Land-Use Change and Forestry,CO2,CH4,N2O,
Land-Use Change and Forestry,CH4,N2O,CO2,
Land-Use Change and Forestry,CH4,N2O,CO2,
Land-Use Change and Forestry,CH4,N2O,CO2,
Land-Use Change and Forestry,CH4,N2O,CO2,
Land-Use Change and Forestry,CH4,N2O,CO2,
Land-Use Change and Forestry,CO2,CH4,N2O,
Land-Use Change and Forestry,CO2,N2O,CH4,
Land-Use Change and Forestry,CO2,CH4,N2O,
Land-Use Change and Forestry,CO2,CH4,N2O,
Land-Use Change and Forestry,CH4,N2O,CO2,
Land-Use Change and Forestry,CH4,N2O,CO2,
Land-Use Change and Forestry,CO2,CH4,N2O,
Land-Use Change and Forestry,CO2,CH4,N2O,
Land-Use Change and Forestry,CO2,CH4,N2O,
Land-Use Change and Forestry,CO2,CH4,N2O,
Land-Use Change and Forestry,CO2,CH4,N2O,
Land-Use Change and Forestry,CO2,CH4,N2O,
Land-Use Change and Forestry,CH4,N2O,CO2,
Land-Use Change and Forestry,CO2,N2O,CH4,
Land-Use Change and Forestry,N2O,CH4,CO2,
Land-Use Change and Forestry,CH4,N2O,CO2,
Land-Use Change and Forestry,CO2,CH4,N2O,
Land-Use Change and Forestry,N2O,CH4,CO2,
Land-Use Change and Forestry,CO2,CH4,N2O,
Land-Use Change and Forestry,CO2,CH4,N2O,
Land-Use Change and Forestry,CH4,N2O,CO2,
Land-Use Change and Forestry,CH4,N2O,CO2,
Land-Use Change and Forestry,CH4,N2O,CO2,
Land-Use Change and Forestry,CO2,CH4,N2O,
Land-Use Change and Forestry,CO2,CH4,N2O,
Land-Use Change and Forestry,CO2,N2O,CH4,
Land-Use Change and Forestry,CO2,N2O,CH4,
Land-Use Change and Forestry,CO2,N2O,CH4,
Land-Use Change and Forestry,CO2,CH4,N2O,
Land-Use Change and Forestry,CO2,CH4,N2O,
Land-Use Change and Forestry,CO2,N2O,CH4,
Land-Use Change and Forestry,CO2,CH4,N2O,
Land-Use Change and Forestry,CH4,N2O,CO2,
Land-Use Change and Forestry,N2O,CH4,CO2,
Land-Use Change and Forestry,CO2,CH4,N2O,
Land-Use Change and Forestry,CO2,CH4,N2O,
Land-Use Change and Forestry,CO2,CH4,N2O,
Land-Use Change and Forestry,CH4,N2O,CO2,
Land-Use Change and Forestry,CO2,CH4,N2O,
Land-Use Change and Forestry,CH4,N2O,CO2,
Land-Use Change and Forestry,CO2,CH4,N2O,
Land-Use Change and Forestry,CH4,N2O,CO2,
Land-Use Change and Forestry,CO2,CH4,N2O,
Land-Use Change and Forestry,CH4,N2O,CO2,
Land-Use Change and Forestry,CH4,N2O,CO2,
Land-Use Change and Forestry,CO2,CH4,N2O,
Land-Use Change and Forestry,CO2,CH4,N2O,
Land-Use Change and Forestry,CH4,N2O,CO2,
Land-Use Change and Forestry,CO2,N2O,CH4,
Land-Use Change and Forestry,CH4,N2O,CO2,
Land-Use Change and Forestry,CH4,N2O,CO2,
Land-Use Change and Forestry,CO2,CH4,N2O,
Land-Use Change and Forestry,CO2,N2O,CH4,
Land-Use Change and Forestry,CO2,CH4,N2O,
Land-Use Change and Forestry,CO2,,,
Land-Use Change and Forestry,CH4,N2O,CO2,
Land-Use Change and Forestry,CH4,N2O,CO2,
Land-Use Change and Forestry,CO2,CH4,N2O,
Land-Use Change and Forestry,CO2,N2O,CH4,
Land-Use Change and Forestry,CO2,N2O,CH4,
Land-Use Change and Forestry,CO2,CH4,N2O,
Land-Use Change and Forestry,CO2,CH4,N2O,
Land-Use Change and Forestry,CO2,CH4,N2O,
Land-Use Change and Forestry,CO2,CH4,N2O,
Land-Use Change and Forestry,CO2,CH4,N2O,
Land-Use Change and Forestry,CH4,N2O,CO2,
Land-Use Change and Forestry,CH4,N2O,CO2,
Land-Use Change and Forestry,CO2,N2O,CH4,
Land-Use Change and Forestry,CH4,N2O,CO2,
Land-Use Change and Forestry,CO2,CH4,N2O,
Land-Use Change and Forestry,CO2,CH4,N2O,
Land-Use Change and Forestry,CO2,CH4,N2O,
Land-Use Change and Forestry,CH4,N2O,CO2,
Land-Use Change and Forestry,CO2,N2O,CH4,
Land-Use Change and Forestry,CO2,CH4,N2O,
Land-Use Change and Forestry,CO2,CH4,N2O,
Land-Use Change and Forestry,CO2,CH4,N2O,
Land-Use Change and Forestry,CO2,N2O,CH4,
Land-Use Change and Forestry,CO2,CH4,N2O,
Land-Use Change and Forestry,CH4,N2O,CO2,
Land-Use Change and Forestry,CO2,CH4,N2O,
Land-Use Change and Forestry,CO2,CH4,N2O,
Land-Use Change and Forestry,CO2,N2O,CH4,
Land-Use Change and Forestry,CO2,CH4,N2O,
Land-Use Change and Forestry,CO2,CH4,N2O,
Land-Use Change and Forestry,CH4,N2O,CO2,
Land-Use Change and Forestry,CO2,CH4,N2O,
Land-Use Change and Forestry,CO2,CH4,N2O,
Land-Use Change and Forestry,CO2,CH4,N2O,
Land-Use Change and Forestry,CO2,CH4,N2O,
Land-Use Change and Forestry,CO2,CH4,N2O,
Land-Use Change and Forestry,CO2,N2O,CH4,
Land-Use Change and Forestry,CO2,N2O,CH4,
Land-Use Change and Forestry,CO2,N2O,CH4,
Land-Use Change and Forestry,CH4,N2O,CO2,
Land-Use Change and Forestry,CO2,CH4,N2O,
Land-Use Change and Forestry,CO2,CH4,N2O,
Land-Use Change and Forestry,CO2,N2O,CH4,
Land-Use Change and Forestry,N2O,CH4,CO2,
Land-Use Change and Forestry,N2O,CH4,CO2,
Land-Use Change and Forestry,CO2,CH4,N2O,
Land-Use Change and Forestry,CO2,CH4,N2O,
Land-Use Change and Forestry,CH4,N2O,CO2,
Land-Use Change and Forestry,CO2,CH4,N2O,
Land-Use Change and Forestry,CO2,CH4,N2O,
Land-Use Change and Forestry,CO2,CH4,N2O,
Land-Use Change and Forestry,CO2,CH4,N2O,
Land-Use Change and Forestry,CO2,CH4,N2O,
Land-Use Change and Forestry,CH4,N2O,CO2,
Land-Use Change and Forestry,CO2,CH4,N2O,
Land-Use Change and Forestry,CO2,CH4,N2O,
Land-Use Change and Forestry,CO2,CH4,N2O,
Land-Use Change and Forestry,CH4,N2O,CO2,
Land-Use Change and Forestry,CO2,CH4,N2O,
Land-Use Change and Forestry,CO2,CH4,N2O,
Land-Use Change and Forestry,CO2,CH4,N2O,
Land-Use Change and Forestry,CO2,CH4,N2O,
Land-Use Change and Forestry,CH4,N2O,CO2,
Land-Use Change and Forestry,CO2,N2O,CH4,
Land-Use Change and Forestry,CH4,N2O,CO2,
Land-Use Change and Forestry,CO2,CH4,N2O,
Land-Use Change and Forestry,CO2,CH4,N2O,
Land-Use Change and Forestry,CO2,CH4,N2O,
Land-Use Change and Forestry,CH4,N2O,CO2,
Land-Use Change and Forestry,CH4,N2O,CO2,
Land-Use Change and Forestry,CO2,CH4,N2O,
Land-Use Change and Forestry,CH4,N2O,CO2,
Land-Use Change and Forestry,CO2,N2O,CH4,
Land-Use Change and Forestry,CO2,N2O,CH4,
Land-Use Change and Forestry,CO2,CH4,N2O,
Land-Use Change and Forestry,CO2,CH4,N2O,
Land-Use Change and Forestry,CO2,CH4,N2O,
Land-Use Change and Forestry,CO2,CH4,N2O,
Land-Use Change and Forestry,CH4,N2O,CO2,
Land-Use Change and Forestry,CH4,N2O,CO2,
Land-Use Change and Forestry,CO2,CH4,N2O,
Land-Use Change and Forestry,CO2,CH4,N2O,
Land-Use Change and Forestry,CO2,CH4,N2O,
Land-Use Change and Forestry,N2O,CH4,CO2,
Land-Use Change and Forestry,CO2,CH4,N2O,
Land-Use Change and Forestry,CH4,N2O,CO2,
Land-Use Change and Forestry,N2O,CH4,CO2,
Land-Use Change and Forestry,CH4,N2O,CO2,
Land-Use Change and Forestry,CH4,N2O,CO2,
Land-Use Change and Forestry,CO2,CH4,N2O,
Land-Use Change and Forestry,CO2,N2O,CH4,
Land-Use Change and Forestry,N2O,CH4,CO2,
Land-Use Change and Forestry,CO2,CH4,N2O,
Land-Use Change and Forestry,CO2,CH4,N2O,
Land-Use Change and Forestry,CO2,N2O,CH4,
Land-Use Change and Forestry,CO2,N2O,CH4,
Manufacturing/Construction,CO2,CH4,N2O,
Manufacturing/Construction,CO2,CH4,N2O,
Manufacturing/Construction,CO2,CH4,N2O,
Manufacturing/Construction,CO2,N2O,CH4,
Manufacturing/Construction,CO2,CH4,N2O,
Manufacturing/Construction,CO2,N2O,CH4,
Manufacturing/Construction,CO2,CH4,N2O,
Manufacturing/Construction,CO2,N2O,CH4,
Manufacturing/Construction,CO2,N2O,CH4,
Manufacturing/Construction,CO2,CH4,N2O,
Manufacturing/Construction,CO2,CH4,N2O,
Manufacturing/Construction,CO2,CH4,N2O,
Manufacturing/Construction,CO2,N2O,CH4,
Manufacturing/Construction,CO2,CH4,N2O,
Manufacturing/Construction,CO2,N2O,CH4,
Manufacturing/Construction,CO2,N2O,CH4,
Manufacturing/Construction,CO2,CH4,N2O,
Manufacturing/Construction,CO2,CH4,N2O,
Manufacturing/Construction,CO2,CH4,N2O,
Manufacturing/Construction,CO2,CH4,N2O,
Manufacturing/Construction,CO2,CH4,N2O,
Manufacturing/Construction,CO2,CH4,N2O,
Manufacturing/Construction,CO2,N2O,CH4,
Manufacturing/Construction,CO2,CH4,N2O,
Manufacturing/Construction,CO2,N2O,CH4,
Manufacturing/Construction,CO2,CH4,N2O,
Manufacturing/Construction,CO2,CH4,N2O,
Manufacturing/Construction,CO2,N2O,CH4,
Manufacturing/Construction,CO2,CH4,N2O,
Manufacturing/Construction,CO2,N2O,CH4,
Manufacturing/Construction,CO2,CH4,N2O,
Manufacturing/Construction,CO2,CH4,N2O,
Manufacturing/Construction,CO2,CH4,N2O,
Manufacturing/Construction,CO2,N2O,CH4,
Manufacturing/Construction,CO2,N2O,CH4,
Manufacturing/Construction,CO2,N2O,CH4,
Manufacturing/Construction,CO2,CH4,N2O,
Manufacturing/Construction,CO2,CH4,N2O,
Manufacturing/Construction,CO2,N2O,CH4,
Manufacturing/Construction,CO2,N2O,CH4,
Manufacturing/Construction,CO2,N2O,CH4,
Manufacturing/Construction,CO2,CH4,N2O,
Manufacturing/Construction,CO2,N2O,CH4,
Manufacturing/Construction,CO2,CH4,N2O,
Manufacturing/Construction,CO2,N2O,CH4,
Manufacturing/Construction,CO2,N2O,CH4,
Manufacturing/Construction,CO2,CH4,N2O,
Manufacturing/Construction,CO2,CH4,N2O,
Manufacturing/Construction,CO2,N2O,CH4,
Manufacturing/Construction,CO2,N2O,CH4,
Manufacturing/Construction,CO2,N2O,CH4,
Manufacturing/Construction,CO2,CH4,N2O,
Manufacturing/Construction,CO2,CH4,N2O,
Manufacturing/Construction,CO2,CH4,N2O,
Manufacturing/Construction,CO2,CH4,N2O,
Manufacturing/Construction,CO2,CH4,N2O,
Manufacturing/Construction,CO2,CH4,N2O,
Manufacturing/Construction,CO2,N2O,CH4,
Manufacturing/Construction,CO2,CH4,N2O,
Manufacturing/Construction,CO2,N2O,CH4,
Manufacturing/Construction,CO2,N2O,CH4,
Manufacturing/Construction,CO2,N2O,CH4,
Manufacturing/Construction,CO2,CH4,N2O,
Manufacturing/Construction,CO2,N2O,CH4,
Manufacturing/Construction,CO2,N2O,CH4,
Manufacturing/Construction,CO2,N2O,CH4,
Manufacturing/Construction,CO2,N2O,CH4,
Manufacturing/Construction,CO2,CH4,N2O,
Manufacturing/Construction,CO2,CH4,N2O,
Manufacturing/Construction,CO2,CH4,N2O,
Manufacturing/Construction,CO2,CH4,N2O,
Manufacturing/Construction,CO2,CH4,N2O,
Manufacturing/Construction,CO2,N2O,CH4,
Manufacturing/Construction,CO2,CH4,N2O,
Manufacturing/Construction,CO2,N2O,CH4,
Manufacturing/Construction,CO2,CH4,N2O,
Manufacturing/Construction,CO2,N2O,CH4,
Manufacturing/Construction,CO2,N2O,CH4,
Manufacturing/Construction,CO2,N2O,CH4,
Manufacturing/Construction,CO2,N2O,CH4,
Manufacturing/Construction,CO2,N2O,CH4,
Manufacturing/Construction,CO2,CH4,N2O,
Manufacturing/Construction,CO2,N2O,CH4,
Manufacturing/Construction,CO2,N2O,CH4,
Manufacturing/Construction,CO2,N2O,CH4,
Manufacturing/Construction,CO2,N2O,CH4,
Manufacturing/Construction,CO2,N2O,CH4,
Manufacturing/Construction,CO2,N2O,CH4,
Manufacturing/Construction,CO2,CH4,N2O,
Manufacturing/Construction,CO2,CH4,N2O,
Manufacturing/Construction,CO2,CH4,N2O,
Manufacturing/Construction,CO2,N2O,CH4,
Manufacturing/Construction,CO2,N2O,CH4,
Manufacturing/Construction,CO2,CH4,N2O,
Manufacturing/Construction,CO2,CH4,N2O,
Manufacturing/Construction,CO2,CH4,N2O,
Manufacturing/Construction,CO2,CH4,N2O,
Manufacturing/Construction,CO2,N2O,CH4,
Manufacturing/Construction,CO2,CH4,N2O,
Manufacturing/Construction,CO2,CH4,N2O,
Manufacturing/Construction,CO2,CH4,N2O,
Manufacturing/Construction,CO2,CH4,N2O,
Manufacturing/Construction,CO2,N2O,CH4,
Manufacturing/Construction,CO2,CH4,N2O,
Manufacturing/Construction,CO2,CH4,N2O,
Manufacturing/Construction,CO2,CH4,N2O,
Manufacturing/Construction,CO2,CH4,N2O,
Manufacturing/Construction,CO2,CH4,N2O,
Manufacturing/Construction,CO2,CH4,N2O,
Manufacturing/Construction,CO2,N2O,CH4,
Manufacturing/Construction,CO2,CH4,N2O,
Manufacturing/Construction,CO2,CH4,N2O,
Manufacturing/Construction,CO2,N2O,CH4,
Manufacturing/Construction,CO2,CH4,N2O,
Manufacturing/Construction,CO2,N2O,CH4,
Manufacturing/Construction,CO2,CH4,N2O,
Manufacturing/Construction,CO2,N2O,CH4,
Manufacturing/Construction,CO2,CH4,N2O,
Manufacturing/Construction,CO2,CH4,N2O,
Manufacturing/Construction,CO2,N2O,CH4,
Manufacturing/Construction,CO2,N2O,CH4,
Manufacturing/Construction,CO2,N2O,CH4,
Manufacturing/Construction,CO2,CH4,N2O,
Manufacturing/Construction,CO2,CH4,N2O,
Manufacturing/Construction,CO2,N2O,CH4,
Manufacturing/Construction,CO2,CH4,N2O,
Manufacturing/Construction,CO2,N2O,CH4,
Manufacturing/Construction,CO2,N2O,CH4,
Manufacturing/Construction,CO2,CH4,N2O,
Manufacturing/Construction,CO2,N2O,CH4,
Manufacturing/Construction,CO2,CH4,N2O,
Manufacturing/Construction,CO2,N2O,CH4,
Manufacturing/Construction,CO2,CH4,N2O,
Manufacturing/Construction,CO2,N2O,CH4,
Manufacturing/Construction,CO2,N2O,CH4,
Manufacturing/Construction,CO2,N2O,CH4,
Manufacturing/Construction,CO2,N2O,CH4,
Manufacturing/Construction,CO2,N2O,CH4,
Manufacturing/Construction,CO2,N2O,CH4,
Manufacturing/Construction,CO2,CH4,N2O,
Manufacturing/Construction,CO2,N2O,CH4,
Manufacturing/Construction,CO2,N2O,CH4,
Manufacturing/Construction,CO2,CH4,N2O,
Manufacturing/Construction,CO2,CH4,N2O,
Manufacturing/Construction,CO2,CH4,N2O,
Manufacturing/Construction,CO2,CH4,N2O,
Manufacturing/Construction,CO2,CH4,N2O,
Manufacturing/Construction,CO2,N2O,CH4,
Manufacturing/Construction,CO2,CH4,N2O,
Manufacturing/Construction,CO2,N2O,CH4,
Manufacturing/Construction,CO2,CH4,N2O,
Manufacturing/Construction,CO2,CH4,N2O,
Manufacturing/Construction,CO2,N2O,CH4,
Manufacturing/Construction,CO2,N2O,CH4,
Manufacturing/Construction,CO2,CH4,N2O,
Manufacturing/Construction,CO2,CH4,N2O,
Manufacturing/Construction,CO2,CH4,N2O,
Manufacturing/Construction,CO2,N2O,CH4,
Manufacturing/Construction,CO2,N2O,CH4,
Manufacturing/Construction,CO2,CH4,N2O,
Manufacturing/Construction,CO2,N2O,CH4,
Manufacturing/Construction,CO2,N2O,CH4,
Manufacturing/Construction,CO2,N2O,CH4,
Manufacturing/Construction,CO2,CH4,N2O,
Manufacturing/Construction,CO2,N2O,CH4,
Manufacturing/Construction,CO2,N2O,CH4,
Manufacturing/Construction,CO2,N2O,CH4,
Manufacturing/Construction,CO2,N2O,CH4,
Manufacturing/Construction,CO2,N2O,CH4,
Manufacturing/Construction,CO2,N2O,CH4,
Manufacturing/Construction,CO2,CH4,N2O,
Manufacturing/Construction,CO2,CH4,N2O,
Manufacturing/Construction,CO2,CH4,N2O,
Manufacturing/Construction,CO2,CH4,N2O,
Manufacturing/Construction,CO2,N2O,CH4,
Manufacturing/Construction,CO2,N2O,CH4,
Manufacturing/Construction,CO2,CH4,N2O,
Manufacturing/Construction,CO2,CH4,N2O,
Manufacturing/Construction,CO2,CH4,N2O,
Manufacturing/Construction,CO2,N2O,CH4,
Manufacturing/Construction,CO2,N2O,CH4,
Manufacturing/Construction,CO2,N2O,CH4,
Manufacturing/Construction,CO2,N2O,CH4,
Manufacturing/Construction,CO2,N2O,CH4,
Manufacturing/Construction,CO2,CH4,N2O,
Manufacturing/Construction,CO2,CH4,N2O,
Manufacturing/Construction,CO2,N2O,CH4,
Manufacturing/Construction,CO2,N2O,CH4,
Manufacturing/Construction,CO2,N2O,CH4,
Manufacturing/Construction,CO2,CH4,N2O,
Manufacturing/Construction,CO2,N2O,CH4,
Manufacturing/Construction,CO2,CH4,N2O,